id,area_id,score,created_at,updated_at
00536572-e6a0-482e-a59c-ec2f803fbb89,c713f609-e209-4df6-b668-36a2f727183f,3,2025-04-14 08:06:20.481,2025-04-14 08:06:20.481
00850e16-95e2-479b-a188-a2638feefcd3,fe6c48ad-8480-4a51-94eb-2bcb9dc5398f,3,2025-04-14 08:06:16.99,2025-04-14 08:06:16.99
012ab47e-b3fc-40b3-b3da-3399910d9471,e40475e5-9232-4529-aa9b-c879fca8a3f7,3,2025-04-14 08:06:17.283,2025-04-14 08:06:17.283
044d9a2d-5f9f-49a1-9fde-60709134669a,5c9a4e64-e29a-4e94-a55c-707956704cfe,3,2025-04-14 08:06:19.264,2025-04-14 08:06:19.264
052927b0-7600-42d1-af77-f75405e8d4bf,c0420ecd-5f3b-498b-8c50-faa2d16c98e3,3,2025-04-14 08:06:19.871,2025-04-14 08:06:19.871
0750c4af-8980-40ce-9832-d887a1aefd98,566f6812-4588-47c5-a655-5725fb24212f,3,2025-04-14 08:06:16.011,2025-04-14 08:06:16.011
079f243e-22a2-41a1-befb-ba5a71b190b5,dc9c7b47-1334-47e5-8e08-999e59762399,1,2025-04-14 08:06:18.765,2025-04-14 08:06:18.765
095b41c7-3ecb-4067-b9b9-d2c5d829c91e,8a50a81c-9956-44c4-836e-30f1bf7bf142,3,2025-04-14 08:06:18.133,2025-04-14 08:06:18.133
0989e36f-6a17-4309-8f8f-7f48bb77d6d2,7686e74f-443f-4e6d-a2d2-93ebc12a0dcb,3,2025-04-14 08:06:20.312,2025-04-14 08:06:20.312
0a948aee-f90e-49bf-a441-8e7937ef7125,ec4decb6-f21c-4f16-8abb-2a05ab8779c2,3,2025-04-14 08:06:16.011,2025-04-14 08:06:16.011
0b588c38-5476-4bd8-af28-5ce9a8b7c179,49f7e1c2-5c64-4230-bf50-e8de274d43be,3,2025-04-14 08:06:17.856,2025-04-14 08:06:17.856
0bccf30f-3d57-43b1-a3a5-18f496b83c21,5ebd3a3b-33fd-40c0-bb41-a918f8512e08,3,2025-04-14 08:06:16.753,2025-04-14 08:06:16.753
0c21b3b9-7f51-49a1-96ae-f539bf9a0b37,63343f55-1ec3-4c27-8b2a-769ef8ee9d1c,3,2025-04-14 08:06:18.765,2025-04-14 08:06:18.765
0c3a95e2-de76-4cd6-af81-60d2567636a0,2f0ac757-87c0-4202-9ea7-30df2d3de994,3,2025-04-14 08:06:18.338,2025-04-14 08:06:18.338
0e0d691e-8207-4bd9-947b-be2df676314b,9bd4fbeb-865c-4507-ab73-0ae2729c9030,3,2025-04-14 08:06:18.765,2025-04-14 08:06:18.765
0e80017a-2380-4c28-8a9f-e8f24f8f12c8,e6e9fba3-97c2-453b-a509-66e4ac0f34a7,3,2025-04-14 08:06:18.511,2025-04-14 08:06:18.511
0ef64a94-ea34-4346-8134-e70337b195ee,fd19ce22-14b8-46d9-9a14-1820cd0e9ecf,3,2025-04-14 08:06:19.22,2025-04-14 08:06:19.22
0f1ff64f-ea00-46d0-82a4-1f6569a93598,b2d263b2-6b10-4746-8f96-7a7876b44db0,3,2025-04-14 08:06:18.511,2025-04-14 08:06:18.511
11ffc758-caf5-4806-b517-e93ccfaa7384,910d40cb-72fe-4605-90f8-87a78b8b1885,2,2025-04-14 08:06:16.021,2025-04-14 08:06:16.021
14b7ad08-e327-460b-9224-9b9a08b99c64,c1781897-7143-4e5b-9bfa-4570d53aff44,3,2025-04-14 08:06:20.058,2025-04-14 08:06:20.058
155ed5fa-89ca-4480-ba18-e28f08a8f6f6,24975bbc-ed11-422a-ad07-924b80e42c4e,3,2025-04-14 08:06:17.375,2025-04-14 08:06:17.375
15a777d7-fbc8-4c0b-a54c-560518e652ca,8ab09d47-0937-43f8-afbe-31ccf7d45142,3,2025-04-14 08:06:16.207,2025-04-14 08:06:16.207
1622215c-a6dd-495e-a546-99a8aab587b0,6671cc18-2c81-410c-94cf-f4cd4be728e3,3,2025-04-14 08:06:16.747,2025-04-14 08:06:16.747
186458ca-1a94-4089-b332-8fe45a7f7ff0,a605fd7b-6263-4555-a7ca-68486f7dfdd3,3,2025-04-14 08:06:20.425,2025-04-14 08:06:20.425
1875bbea-ba00-4525-9fdf-13760af90d4e,f1576c25-affa-4d65-9357-836d62b3bdfa,3,2025-04-14 08:06:19.263,2025-04-14 08:06:19.263
19223f60-c2b8-4350-907f-0be4aeab0ae8,9448cec0-c704-4d33-8653-20fd9bc0d45b,3,2025-04-14 08:06:16.402,2025-04-14 08:06:16.402
1959f38b-5dca-4531-bdef-d2850a46082f,01cbc708-0bfd-4c64-8456-5998639ecf0b,3,2025-04-14 08:06:19.854,2025-04-14 08:06:19.854
19ac80a3-06cb-4fdf-b7e7-f2b893669b9f,57b3140e-29c1-4373-8772-8defeba17731,3,2025-04-14 08:06:19.641,2025-04-14 08:06:19.641
19c4274b-5179-4323-bb50-7d2b250f7a14,1391bd7a-270d-4b0c-90db-2ea620895f0a,3,2025-04-14 08:06:20.159,2025-04-14 08:06:20.159
1a0c20b2-bf0e-412c-a74a-08861403a6ba,1f68aca9-311d-4b92-9242-449ee14f874a,3,2025-04-14 08:06:16.55,2025-04-14 08:06:16.55
1a96de66-451d-4869-bf20-2d60c6a26b60,16a13f19-dc59-44a4-b0e4-9caac4af5941,3,2025-04-14 08:06:19.854,2025-04-14 08:06:19.854
1b9307ba-1897-4432-a3ec-97bcd4c0720e,bb6d5570-5f2b-49bf-a7f9-d6c1022a59e3,3,2025-04-14 08:06:17.243,2025-04-14 08:06:17.243
1ccfdab3-742a-4aba-b0be-e973a35ee619,6f75bd04-d081-4796-88f4-08f7ba4501ca,2,2025-04-14 08:06:16.021,2025-04-14 08:06:16.021
1f684d08-ee92-49b0-9e5b-b43fef9cdefa,0bf59d23-87f3-4223-89b6-5b967aacc38a,3,2025-04-14 08:06:16.439,2025-04-14 08:06:16.439
210ca5a8-ff70-4f9a-81c2-ae4147a80a9c,2f05eb9c-8b3b-4bec-b98e-ebb191fc2924,3,2025-04-14 08:06:16.747,2025-04-14 08:06:16.747
2178dd9d-c980-426d-9e20-7b37d15af07f,3ca5334f-51a8-49d1-b5ac-0c29f901463e,3,2025-04-14 08:06:18.651,2025-04-14 08:06:18.651
21e0e748-d8ae-48e3-ba6d-4988d87aaaf8,d92e1b8e-59b4-4435-acbf-f4abcfdb0746,3,2025-04-14 08:06:19.55,2025-04-14 08:06:19.55
22c17a29-1673-426d-b745-36db6e0826dc,0bcb56b7-d523-485c-9215-5f43bf1c7b2a,3,2025-04-14 08:06:18.174,2025-04-14 08:06:18.174
232515f4-8412-4748-9d1b-c5411043b58f,28b3c482-2bb9-4295-9b1a-4b26be0d59cb,3,2025-04-14 08:06:18.436,2025-04-14 08:06:18.436
2470bcaf-3071-43dc-afb8-281c22e85636,95538b2b-a3a0-49ad-ac2f-b418cf91218a,3,2025-04-14 08:06:16.903,2025-04-14 08:06:16.903
27255b1f-1cc8-4d18-abff-7094c1104389,8cea4e4e-791b-4e81-826f-bbbaefaf5464,3,2025-04-14 08:06:19.216,2025-04-14 08:06:19.216
273d58cc-8396-45f1-adcb-0eedc014bc12,bb63432c-f6c1-4109-a28f-9706d96a6a0f,3,2025-04-14 08:06:18.436,2025-04-14 08:06:18.436
27af5f51-5a6c-4feb-b5e5-79b6a795e326,835db7e2-2344-4ad6-a414-82465214b863,3,2025-04-14 08:06:20.359,2025-04-14 08:06:20.359
280a981a-2f53-459d-afca-04141c4405a2,31df8b41-2356-41ef-a526-15dce74ddcfd,3,2025-04-14 08:06:18.483,2025-04-14 08:06:18.483
2992641b-8aea-4754-b136-3b9472f2702b,f085d90b-320c-4986-a98b-c32412b6ee4c,3,2025-04-14 08:06:20.537,2025-04-14 08:06:20.537
2c3aea0e-b13d-4e0c-9d67-fcadcdb81251,9fd0e09b-c979-4c66-925c-3992f314446c,3,2025-04-14 08:06:19.844,2025-04-14 08:06:19.844
2cc20c90-d6dd-4ddd-939c-5e7354429772,12b56930-5ea5-4f52-b66e-5030cce443c3,3,2025-04-14 08:06:18.511,2025-04-14 08:06:18.511
2d3c5caa-a461-4574-ac38-b48e03ec2c20,b18ab5be-fab4-469d-92fb-9a1b17b645db,3,2025-04-14 08:06:20.48,2025-04-14 08:06:20.48
2ec54b40-1225-4d54-b360-33c816078ba3,a0a07dc6-2f2f-41db-bf50-3dccc848ad3f,3,2025-04-14 08:06:18.338,2025-04-14 08:06:18.338
2edbc363-84a5-4719-ad11-79e48f112551,71e4c624-faa4-4de7-8645-e11803cd87d4,3,2025-04-14 08:06:17.042,2025-04-14 08:06:17.042
2f0a3762-ba04-4e19-a247-3fb7f794c46d,2858c8e6-7874-4560-ad01-508c1e73cf2f,3,2025-04-14 08:06:20.277,2025-04-14 08:06:20.277
30e5b4ae-c1e4-46af-90fe-f035b087fa7e,7f5ebfca-aeae-404f-8060-e41147c7e5bd,3,2025-04-14 08:06:16.495,2025-04-14 08:06:16.495
31d37259-0563-4411-a054-dfa70c965dd2,339b30fb-70a1-454e-810f-f04d481a218f,3,2025-04-14 08:06:19.651,2025-04-14 08:06:19.651
3353083a-8a7e-40ab-b07f-41d3f5935501,95064eb2-7c9d-4791-b55b-b6e146acceb1,3,2025-04-14 08:06:20.537,2025-04-14 08:06:20.537
336c266b-0033-45f8-a087-9f52cf49afa0,8622dd74-f4e7-4c2c-941d-56c2b161324f,3,2025-04-14 08:06:18.413,2025-04-14 08:06:18.413
34ad6c85-87df-4357-b98b-9415bc1814f6,2a985e49-97d6-47de-bcc9-7e65b78172bb,3,2025-04-14 08:06:17.262,2025-04-14 08:06:17.262
371bd4d0-cc3e-42e8-9e36-2b24803c62cf,9ec1da13-37ec-4851-945c-2bbc9f242d4a,3,2025-04-14 08:06:18.651,2025-04-14 08:06:18.651
37497929-f099-4d66-86f6-1e8751782729,c688944a-1d25-469c-a0f5-8dd2d829f9e7,3,2025-04-14 08:06:20.312,2025-04-14 08:06:20.312
38d8c933-dd98-4783-892b-e9b8560bb850,c5bd4bdc-9f45-4548-9692-a631284f9f68,3,2025-04-14 08:06:18.436,2025-04-14 08:06:18.436
38e1048c-b134-44ea-adb5-a504bea832e7,47d34008-a078-4163-805a-3d6da946bb78,3,2025-04-14 08:06:19.086,2025-04-14 08:06:19.086
395e02fd-d124-41c6-8ef1-8e83150c6d05,273cbd2d-a0a9-41b2-8a0b-89ce00cd6c0a,3,2025-04-14 08:06:16.856,2025-04-14 08:06:16.856
3b2bf68e-bca2-4035-a707-4213183e9f6d,10c70165-9909-4a6c-8510-8c279afbcb05,3,2025-04-14 08:06:18.765,2025-04-14 08:06:18.765
3bcc5082-e230-46bc-badb-d9977d7f0f5d,66f8d2f5-3e7b-465d-98d8-d78fe4cf0770,3,2025-04-14 08:06:17.124,2025-04-14 08:06:17.124
3c0f71bc-a13a-4c56-bc3e-c9e076b09d35,8960f52e-b54e-44e2-a993-0aa68d1b9f86,3,2025-04-14 08:06:19.538,2025-04-14 08:06:19.538
4085f446-4f04-4bb7-819e-a33eb9268a3e,a77cf959-dab8-45a5-b95c-b4c66ac4234e,3,2025-04-14 08:06:18.436,2025-04-14 08:06:18.436
41662fd9-d095-4ae6-875b-850786a8d5ec,b2993d17-1840-47ec-89d9-f341c0c3a711,3,2025-04-14 08:06:20.058,2025-04-14 08:06:20.058
41c38362-5c11-4838-acfe-b6da927bfb6f,614143c5-ba34-46ba-8485-846a98d6505f,3,2025-04-14 08:06:16.309,2025-04-14 08:06:16.309
431bb111-19ae-4df8-90c4-71c1cdcbeded,f7089b64-aee5-44b7-95fd-d2ab91503573,3,2025-04-14 08:06:17.61,2025-04-14 08:06:17.61
44355045-1170-4ea8-add6-ac4786b2f9be,a60f6fdd-13ee-43fe-8a6f-1a7c54ffec30,3,2025-04-14 08:06:18.765,2025-04-14 08:06:18.765
44491df6-4048-4719-a1e6-34892bccbf7c,553e1f70-12d5-4bf4-9243-593df4a676f3,3,2025-04-14 08:06:18.269,2025-04-14 08:06:18.269
45e07a4b-09f3-4ee3-a44c-b052f46d0a51,b485049b-1be6-4f50-818f-9c7c4234b345,3,2025-04-14 08:06:20.277,2025-04-14 08:06:20.277
4625e0b2-7fc3-4d5c-89ef-d6a3a46c12b4,1e15794d-00c3-44ae-8c9d-c823e6da0ac6,3,2025-04-14 08:06:20.481,2025-04-14 08:06:20.481
47410457-41d4-4d25-8ba5-96a4249ffc0f,f0500a11-49a4-41d8-bf51-1ac5faf2ae29,3,2025-04-14 08:06:20.277,2025-04-14 08:06:20.277
47a37ba5-63a8-4f47-b57a-7474757db2ac,83bb6061-89cc-4e68-a8b7-ca3dbebde8d0,3,2025-04-14 08:06:17.74,2025-04-14 08:06:17.74
486799a3-3141-4eb8-a7f9-879908b598a9,22e922ed-65dd-4a4f-b113-bb58c1d791cf,3,2025-04-14 08:06:18.506,2025-04-14 08:06:18.506
48ccdc62-9b9e-4286-be34-f199a4b480e0,00bff6da-1fcb-4af1-9695-1c8c4f76f52f,3,2025-04-14 08:06:16.021,2025-04-14 08:06:16.021
4a2fd194-cbe1-4e1e-94f0-fa425aa49283,3a0ca833-198f-4f19-883c-72cec8789ad4,3,2025-04-14 08:06:18.338,2025-04-14 08:06:18.338
4a3d4414-fcbd-43a9-b5f7-03fab0853730,de894d89-0d68-46c4-9abe-bf4cafdc440b,3,2025-04-14 08:06:19.603,2025-04-14 08:06:19.603
4bad4d47-3829-43b8-b5c6-b70ebb11388e,ea773b07-61e3-4531-a2dc-76aab0216486,3,2025-04-14 08:06:17.914,2025-04-14 08:06:17.914
4cd12101-781a-48fe-89c4-327ef6aeb33c,ced293cb-420d-4c4a-af83-1ab2c8e00962,2,2025-04-14 08:06:19.642,2025-04-14 08:06:19.642
4f26b95d-d783-46fa-8566-341cb1dab8fb,047efdf3-24e5-42c7-b31e-3d9e572dc406,3,2025-04-14 08:06:17.59,2025-04-14 08:06:17.59
4f443e1f-9967-43b9-9f61-3265d96dc37a,8676ad12-f5ff-4ee1-be91-62b2321a7491,3,2025-04-14 08:06:19.263,2025-04-14 08:06:19.263
4ff587db-9b42-4a97-8e83-2fe6d307bdcf,0b74a40b-6557-40a1-8469-bb7411bc9fed,3,2025-04-14 08:06:20.445,2025-04-14 08:06:20.445
50f10425-bacd-40be-b035-3dea0722fcc0,095457de-c17f-4caa-a469-9b227e1c43b3,3,2025-04-14 08:06:20.359,2025-04-14 08:06:20.359
512edc2c-def5-458c-a356-dc1856346e4f,b341a61b-aae3-4d0b-aac8-ebba31f9f848,3,2025-04-14 08:06:20.312,2025-04-14 08:06:20.312
5208857e-d9ce-4e4d-b44c-0107312e728d,acc20c01-b074-4756-bc5d-dc88b44bfaba,3,2025-04-14 08:06:18.507,2025-04-14 08:06:18.507
531a590e-574f-4532-a481-2c53f306bf17,fb7f5805-8334-48ea-a38d-5ee9a0b23c76,3,2025-04-14 08:06:16.011,2025-04-14 08:06:16.011
5460d56f-ad85-467c-9490-d0d119c3d3bf,ecd7652d-d0db-41b5-936d-774256208ec6,3,2025-04-14 08:06:16.011,2025-04-14 08:06:16.011
5519c87e-0d46-4744-a47b-0bdb84f412c0,c95a04f4-b72c-4ca3-89f4-e453491b79b1,3,2025-04-14 08:06:19.993,2025-04-14 08:06:19.993
566fb89c-7f2e-4970-b76a-4c2687ed6162,2279b648-08fb-4971-a2ae-e8ddb725d8fe,3,2025-04-14 08:06:17.946,2025-04-14 08:06:17.946
573b3879-c805-424f-85fa-3afbd2d71ec1,94c0c150-8183-4664-9710-efe9f6ef2374,3,2025-04-14 08:06:20.445,2025-04-14 08:06:20.445
581604d2-1b40-4b30-bec7-a3ee22477ccd,bca8bae8-5bd8-45c3-be4a-600cf7b26429,3,2025-04-14 08:06:15.701,2025-04-14 08:06:15.701
59f4303c-cdf2-413f-8098-c590b6e60b25,f3faa5d3-e4c7-4d08-961e-d1c541ec02aa,3,2025-04-14 08:06:18.338,2025-04-14 08:06:18.338
5c355ce6-10ff-455b-bcf3-3aca0be53e6c,f707d05e-1a1d-4905-8391-15e5d4f51620,3,2025-04-14 08:06:17.59,2025-04-14 08:06:17.59
5c7069e4-29d1-4a16-b830-aa74bef0d4ba,1d34ef91-0215-45c4-9dcb-3ba9d7ddf212,3,2025-04-14 08:06:18.803,2025-04-14 08:06:18.803
5c8b5d57-6f24-4e02-92f6-db93518ba1b1,0964a087-713a-4608-b2b5-ed7bcbd69f92,3,2025-04-14 08:06:18.133,2025-04-14 08:06:18.133
5d6ce2a8-93eb-47c7-9b80-27763e3ae647,53afab15-bd10-4e44-ad86-9b46a31294ef,2,2025-04-14 08:06:18.699,2025-04-14 08:06:18.699
5f426901-493b-4629-b958-6ec08e041d7e,c1817738-7fe9-409e-a122-f34ffbb820a8,3,2025-04-14 08:06:19.641,2025-04-14 08:06:19.641
60886e5e-831a-4996-b1b3-57b989121bdb,83f545f8-beff-4999-a972-ca76fa0b1593,3,2025-04-14 08:06:16.99,2025-04-14 08:06:16.99
60af6b56-d30f-4a9b-84e2-bc9935ea7709,ae877cd0-2f7b-4e74-900e-ee1289522bee,3,2025-04-14 08:06:17.836,2025-04-14 08:06:17.836
6109dacb-64e1-41a5-adb1-b80241dfc9b2,ebaabb9d-476e-404d-b327-6d2e52512a10,3,2025-04-14 08:06:20.058,2025-04-14 08:06:20.058
623327c2-0ba4-49e8-afe1-4dc22de3ed58,77961121-ee68-4b1e-a4c1-462601b23e7e,3,2025-04-14 08:06:17.635,2025-04-14 08:06:17.635
62ef98af-daee-4286-8632-10b7035fce50,bc1ef0aa-352f-459e-bddb-78676529b71a,3,2025-04-14 08:06:17.377,2025-04-14 08:06:17.377
642dd417-f062-44a1-8318-687954053242,264ab409-92e8-4e08-a400-cae9904fe33b,3,2025-04-14 08:06:16.495,2025-04-14 08:06:16.495
648a8a99-6fca-4fb9-a4fa-e02fa235cddf,5dc6abfa-c962-4af7-81ab-d116762777af,3,2025-04-14 08:06:19.844,2025-04-14 08:06:19.844
669a82b3-0b24-4dff-bf53-dac23a7647fd,73745669-d7d6-4b9d-94b5-33b9065c1cb9,3,2025-04-14 08:06:19.844,2025-04-14 08:06:19.844
66eb01f8-df91-4689-b1a8-9a0f8676971c,3dc416d0-f0ba-41e5-97a9-4375c48077cd,3,2025-04-14 08:06:19.216,2025-04-14 08:06:19.216
6723efd5-f97d-48bc-a5ee-7ffa1bc6fe41,d6d4dd8d-ba6f-4343-a54d-68208089b9dd,3,2025-04-14 08:06:17.914,2025-04-14 08:06:17.914
67746116-f7c2-4b90-9a91-25d357873388,86694896-9d6f-4d91-bfcc-07859a9f783e,3,2025-04-14 08:06:17.61,2025-04-14 08:06:17.61
691a4f09-2bb4-43bb-a1f9-216ce4feea3b,126cd586-3448-405a-b559-2c12171483e6,3,2025-04-14 08:06:17.262,2025-04-14 08:06:17.262
6988b0d3-de6d-4404-8a8b-b9791b801441,ed91b90b-89a3-4901-a98a-fba87fbcf6af,3,2025-04-14 08:06:19.854,2025-04-14 08:06:19.854
69d0aba3-978a-4331-a00b-a093f4801cd3,ffb76d22-b4e7-4f16-bc29-d92c72a790fe,3,2025-04-14 08:06:18.225,2025-04-14 08:06:18.225
69d5ba2f-5d3a-44d4-9a50-07f5fb91b682,45a33122-5164-4211-9cc8-72dc7a366d1d,3,2025-04-14 08:06:20.311,2025-04-14 08:06:20.311
6a68dce7-9c1d-4d51-8429-14f768f14307,6b5abc5e-40db-4d68-b0a4-9a6fb6d08551,3,2025-04-14 08:06:19.085,2025-04-14 08:06:19.085
6d466038-700c-43b8-9bdf-df1794981592,9c5e08ed-22f7-4823-9d78-6ea8747ad03f,3,2025-04-14 08:06:17.188,2025-04-14 08:06:17.188
6f57d60a-6b30-4153-8cef-fb561c4727ab,1962f5ed-b001-4afd-9220-fb4b0f68736d,3,2025-04-14 08:06:16.221,2025-04-14 08:06:16.221
6fc8910e-4d18-47e4-882c-533121db0c4f,032280af-999c-43dc-97c4-0d9acb310386,3,2025-04-14 08:06:16.309,2025-04-14 08:06:16.309
72bd761e-fb5a-4ff4-ada4-75ab8e952b0d,1cb7ddf0-2068-4216-a8d4-4592daa45a5d,3,2025-04-14 08:06:16.699,2025-04-14 08:06:16.699
731cf1db-0e12-4fc1-b848-b6232a66b2ad,c059d88a-0984-4679-a2d6-16854e223332,3,2025-04-14 08:06:18.803,2025-04-14 08:06:18.803
739b4f2f-08ac-4b84-bff6-f1984adc21f0,56ac0870-d6d5-4d96-aab8-041bae199708,2,2025-04-14 08:06:17.952,2025-04-14 08:06:17.952
73e8cdee-8586-488b-9712-7703913e2760,695d6e33-6228-4eef-9b88-01b85e39d73d,3,2025-04-14 08:06:20.059,2025-04-14 08:06:20.059
73f26b25-9c24-4647-a871-90768126609d,7404ecf3-7244-4e40-bc59-0237d1636b03,3,2025-04-14 08:06:20.058,2025-04-14 08:06:20.058
75212afb-ce8d-440d-befd-4847ff2c673a,f467ec27-03a0-4349-a914-50ed740a99d4,3,2025-04-14 08:06:17.879,2025-04-14 08:06:17.879
790c714b-8800-46ab-85ae-2b0b8a86bbf7,16202ec5-fa06-47a1-baa2-b689ce74446c,3,2025-04-14 08:06:18.225,2025-04-14 08:06:18.225
798cb72f-015b-474b-8663-ff6e0acb0189,b1f71d27-6ad1-4ba0-bbcd-7f7e16515d4e,3,2025-04-14 08:06:17.319,2025-04-14 08:06:17.319
7a62e1f6-0292-4f31-a2f0-7a874bfae794,2b8ada03-8dc6-4bff-afe2-18727166547c,3,2025-04-14 08:06:18.098,2025-04-14 08:06:18.098
7c5d786e-b919-4f44-aac8-f9b417dbb3d6,48a1b032-1b91-4148-b2d0-af93d494fcfa,3,2025-04-14 08:06:18.436,2025-04-14 08:06:18.436
7c759ab8-4f91-4fd7-b27f-43cd32f78bd5,25dc2664-5976-4e6b-b4fb-3c0885100f5f,3,2025-04-14 08:06:17.992,2025-04-14 08:06:17.992
7f492219-4aa2-4513-b0f5-45c36b42e19b,7ff4e83a-a4f0-4356-82f9-d45b0907968f,3,2025-04-14 08:06:16.439,2025-04-14 08:06:16.439
7f9e55d3-e85c-4737-b9ee-48869ee5f719,8c659baa-d3ba-497d-8b03-64793dd73dd7,3,2025-04-14 08:06:16.571,2025-04-14 08:06:16.571
7fac93be-d539-4ba0-9a82-f42204f97d2a,941c37cb-7baf-4f61-8f7c-d96e28aa63c1,3,2025-04-14 08:06:20.311,2025-04-14 08:06:20.311
813f53e6-8632-488b-954f-e56911991f50,e33a161e-9897-4d62-8acf-6947c0feff53,3,2025-04-14 08:06:20.481,2025-04-14 08:06:20.481
82d8e29d-6912-49b2-9cb6-99337addd05e,5a68cbcd-e001-4444-af97-3f5ff083f596,3,2025-04-14 08:06:17.147,2025-04-14 08:06:17.147
82fdecd3-eb9c-4460-956a-932762947031,140f8eaf-2e27-44a3-a367-a067cffb9f3c,3,2025-04-14 08:06:20.519,2025-04-14 08:06:20.519
833eca54-7f6c-458c-870a-a879630dce0c,1073d402-ae50-41ef-8cdc-8ee87b100f99,3,2025-04-14 08:06:19.086,2025-04-14 08:06:19.086
86ecc75f-a86b-49fe-ad03-43386eaa8593,05a16d47-9d43-4778-b6e9-041c99b57b38,3,2025-04-14 08:06:18.694,2025-04-14 08:06:18.694
87122d55-d01d-4025-9f90-b0c4e2eed9a1,ed1b4daa-fc22-47d9-bf13-9a04a7025afc,3,2025-04-14 08:06:18.094,2025-04-14 08:06:18.094
88f0ba88-e69f-499c-8693-7b1360e530e3,784be0c0-01c7-4b49-80fb-5a5332d968a3,3,2025-04-14 08:06:19.309,2025-04-14 08:06:19.309
8992c59f-a25e-4b80-a005-4d914650dce3,71ca7ff5-9a00-4e6e-a584-ce70000a9216,3,2025-04-14 08:06:17.239,2025-04-14 08:06:17.239
89bf8e64-63d5-4d78-bcfa-db5d59fb94b4,f30977d6-fdfb-4fec-96ea-3bb8686f63ae,3,2025-04-14 08:06:17.318,2025-04-14 08:06:17.318
89f2461f-8980-47e3-a2f7-e8d5f44c202c,3bdcf681-2686-4138-b179-f83c2907769f,3,2025-04-14 08:06:19.469,2025-04-14 08:06:19.469
8d9bd8b6-3e7b-48a7-8877-7ea2e103a92d,1561bfff-c492-4b77-bd29-3e7128464d3b,3,2025-04-14 08:06:17.007,2025-04-14 08:06:17.007
9073df99-4ab5-4c6d-9808-c09a8ac51aca,3a993a70-8ddc-40e6-9eb5-4db11fd940d2,3,2025-04-14 08:06:16.353,2025-04-14 08:06:16.353
924671e1-542a-4b10-8750-71514b01c32c,3080abbb-2b78-42a4-a62d-8a0350b87f0d,3,2025-04-14 08:06:19.282,2025-04-14 08:06:19.282
92698aa6-bf4c-4790-a49d-3c63c2b3f44d,45a0d2d4-240e-462e-97a2-1fbb372cd547,3,2025-04-14 08:06:17.226,2025-04-14 08:06:17.226
93992001-f3fb-4a05-a344-fbad0d2f24d4,25f9b2c4-3f25-41b6-af14-12f5863414d8,3,2025-04-14 08:06:16.855,2025-04-14 08:06:16.855
968e7b7e-3023-4abd-bfa6-f669a9c1a2c0,261dc77c-ab7e-43a5-b722-10711ffa1796,3,2025-04-14 08:06:20.445,2025-04-14 08:06:20.445
97a871ab-4771-42b3-9dcf-4eae18877223,600a21dd-1c9e-4d69-b5cc-a9db85e27b40,3,2025-04-14 08:06:18.483,2025-04-14 08:06:18.483
97ca5531-97d2-4cd7-9524-8cb203849299,c2b75596-a1b5-4f25-b8b3-3fcb405593ec,2,2025-04-14 08:06:16.753,2025-04-14 08:06:16.753
9864f50a-42ac-47fe-85a3-2fa90dbdf7d4,97ce58bc-10da-4878-9ca3-6582ad6f9e84,3,2025-04-14 08:06:16.495,2025-04-14 08:06:16.495
98c6e5af-7e07-4b3a-99d6-ae5e6a339855,a2eba119-58c7-48f6-9c09-e86b410238a9,3,2025-04-14 08:06:17.318,2025-04-14 08:06:17.318
9942c7e8-b570-48cc-85e8-ee5dba6ad778,6e7a31cd-fc30-46f6-9e9c-85fea7eda858,3,2025-04-14 08:06:20.119,2025-04-14 08:06:20.119
9a1b1733-c125-4d86-8d86-6db2435dbd40,ed3891ea-574c-4b60-a901-6f31bd31fdb8,3,2025-04-14 08:06:20.119,2025-04-14 08:06:20.119
9b2d9819-a414-446d-b56d-76cf3ab9940c,97fea2ed-3d57-4ea3-bccd-330d1b0c3cf5,3,2025-04-14 08:06:20.419,2025-04-14 08:06:20.419
9b9564c9-9c4f-4d42-88ab-78233630cdf8,b3088c78-03fb-4223-b097-55da08b01fe4,3,2025-04-14 08:06:16.09,2025-04-14 08:06:16.09
9ba3e725-77fb-4e73-a455-40c7fc3669c6,173f292f-d32b-45f3-9ace-14d036001508,3,2025-04-14 08:06:17.952,2025-04-14 08:06:17.952
9c5e07c4-3d1c-455a-b400-6171ae34814f,75a095ce-9ea5-4678-914b-0074f027fe04,3,2025-04-14 08:06:17.74,2025-04-14 08:06:17.74
9ccb59cd-27d8-4da8-a84b-135c40a374c6,0278704d-6ee8-4e5f-a6fc-a2056aa92b74,3,2025-04-14 08:06:16.204,2025-04-14 08:06:16.204
9ff02c98-2330-45b7-b983-8d0ddc51ae75,e3197c32-7685-4c21-996e-baad85c52d2c,3,2025-04-14 08:06:16.09,2025-04-14 08:06:16.09
a0ad85fc-1f00-4f16-962a-39a93fc628b5,26302de8-ac37-47c3-8def-f68858151694,3,2025-04-14 08:06:16.856,2025-04-14 08:06:16.856
a1537fbe-2ba7-4bab-8199-f37e27efc6eb,628e7e66-f88a-4c86-b481-57132ab1dfac,3,2025-04-14 08:06:18.444,2025-04-14 08:06:18.444
a358824f-1484-41e7-855d-ad3ee34fc227,bcda8f48-1394-49c4-ae96-3e5dc18881e8,3,2025-04-14 08:06:19.854,2025-04-14 08:06:19.854
a3c996c7-d47f-475a-8c2b-4b788eafd66f,4da0ed42-000a-42d8-ae66-09ee448568e9,2,2025-04-14 08:06:19.907,2025-04-14 08:06:19.907
a4a54f67-84ac-41a8-94e9-d46025e560e9,939e6674-980a-467b-a692-99285917baa3,3,2025-04-14 08:06:16.495,2025-04-14 08:06:16.495
a6c1afc9-17c0-4613-a1e0-72dc642265fb,43ff23d1-af21-4285-9d93-b02e50fd551a,3,2025-04-14 08:06:16.578,2025-04-14 08:06:16.578
a9e1cbbd-c78e-4dd0-8f50-fb3d52338eea,6192a7cd-5fad-4400-9bd7-4d95a608d14a,3,2025-04-14 08:06:19.641,2025-04-14 08:06:19.641
abc0a8d8-00bb-4b95-ae98-0bea21283555,b299933c-efad-47c1-8aaa-9e4f3c9e3025,3,2025-04-14 08:06:18.269,2025-04-14 08:06:18.269
ac4da6dc-c8ab-46d6-a68d-57e66548cb13,70578f5c-f92f-4b2f-b7dc-e1f82c7a07dc,3,2025-04-14 08:06:16.571,2025-04-14 08:06:16.571
ad68420e-dcd9-4762-9296-bebe43d472e4,be5c7727-0195-4a02-a859-10ba593e4280,3,2025-04-14 08:06:19.73,2025-04-14 08:06:19.73
ad72f431-dee4-45d0-bac6-e6641f0f246e,81b3f7a1-b939-4bf6-b4e8-1ecda3c5507e,3,2025-04-14 08:06:19.086,2025-04-14 08:06:19.086
ad7efa3b-66b1-4d0e-90a2-b3e635ac927c,74424f0e-3a54-4f0b-8ab0-c6037307a6e7,3,2025-04-14 08:06:20.277,2025-04-14 08:06:20.277
afcefa6f-b393-4674-affd-477a57c6109f,5e9cdec7-f3ae-47ce-a51e-bd4c8d4ef689,3,2025-04-14 08:06:19.55,2025-04-14 08:06:19.55
b182992e-1872-45ce-8685-6dd3a6981d22,6de955df-3e24-49f0-8447-222796bbe849,3,2025-04-14 08:06:16.354,2025-04-14 08:06:16.354
b2486252-9ddc-44fc-83bf-f921969fbb06,8f0b94cc-d2d1-4f66-abcf-99139045b927,3,2025-04-14 08:06:18.344,2025-04-14 08:06:18.344
b352d815-843a-477c-8858-95135a109037,493c4ede-c200-4945-8098-6ca9d26749cf,3,2025-04-14 08:06:18.094,2025-04-14 08:06:18.094
b53f0612-af5f-46db-b118-f03f0bee42dc,e64dbdf2-76ef-4f4a-945c-5badb8adb030,1,2025-04-14 08:06:19.375,2025-04-14 08:06:19.375
b5dd427a-8dec-4937-8add-a1c154357975,2275a3e5-ca86-432d-ad9b-c47848e22339,3,2025-04-14 08:06:20.519,2025-04-14 08:06:20.519
b7d4113b-98fb-4cb5-acca-4886a223c52b,8575705a-0b5d-42c8-8225-413a4a62a33c,3,2025-04-14 08:06:20.311,2025-04-14 08:06:20.311
bb5cbc33-602e-4abb-a88f-4cf6e0539d11,3726d7ee-e4a0-4805-8aaa-f188bf04eb66,3,2025-04-14 08:06:17.914,2025-04-14 08:06:17.914
be43d573-b8fa-4f8f-8e27-3db85fd33e70,8e43e363-a54e-49a6-ba26-c73949408b54,3,2025-04-14 08:06:18.098,2025-04-14 08:06:18.098
be95c917-3906-4e00-ba05-1ef11c4373e0,b812a469-89a4-488b-b922-65f35012b3e6,1,2025-04-14 08:06:18.166,2025-04-14 08:06:18.166
bfa74bb8-28d1-4026-a3a0-cf94ddbdf30a,afa6247c-2297-4f01-a494-4dbfba586c5b,3,2025-04-14 08:06:17.583,2025-04-14 08:06:17.583
c0f3e7d1-ffe3-4e87-8a91-27d67d9069bd,69d5609d-2d06-4452-bb01-74548c9b249f,3,2025-04-14 08:06:19.538,2025-04-14 08:06:19.538
c1010e58-a6a3-4087-b28f-fbe646d377ef,6ee62b29-9139-45ac-ba03-415bdd0d2f1f,3,2025-04-14 08:06:17.239,2025-04-14 08:06:17.239
c111c43f-a344-41c3-9158-ba4da8172efc,3f33b284-63a1-4987-9e48-4cc343674a36,3,2025-04-14 08:06:18.651,2025-04-14 08:06:18.651
c1308c18-e48c-4ac7-8fdf-fec6af9cb615,00c387ca-a5b5-4d3f-b5ea-b92aedb43e1c,3,2025-04-14 08:06:16.156,2025-04-14 08:06:16.156
c144c0d9-e932-474d-b314-2b1d29082e4d,66fe9b85-8592-4363-b599-04c55e0ee03f,3,2025-04-14 08:06:16.75,2025-04-14 08:06:16.75
c1a82d29-f081-444a-8860-dfb6ebdc995c,2253706e-4182-4168-b421-a4251bb24f56,3,2025-04-14 08:06:19.73,2025-04-14 08:06:19.73
c1d81641-7036-4a81-8639-32c4a8380f2c,f94000de-a161-41bb-8db6-53878c77069c,3,2025-04-14 08:06:17.05,2025-04-14 08:06:17.05
c793c252-d78a-47a8-a989-b60771a6f95b,28bd4f08-af72-4505-8b06-52a12a4ce633,3,2025-04-14 08:06:20.119,2025-04-14 08:06:20.119
c7c60db5-ef17-41d4-906d-65183bd3a15b,c53133b0-19c0-4c9e-9071-c1cf166bc770,3,2025-04-14 08:06:19.642,2025-04-14 08:06:19.642
c89d9056-5e61-4dbc-af89-9b6ad451a364,f9658fe8-7ab4-4986-8c1f-624301a18056,3,2025-04-14 08:06:19.641,2025-04-14 08:06:19.641
c96f9476-e931-423c-a9e1-30299d76daf5,c3609b1a-86ea-4b03-a103-2451b685b92c,3,2025-04-14 08:06:20.118,2025-04-14 08:06:20.118
ca91920e-5fa8-4110-a912-710a9b10db22,f119e2dd-8081-4b1a-b54e-5057eacde893,3,2025-04-14 08:06:19.263,2025-04-14 08:06:19.263
cb0a2d54-47bc-44c4-8574-7e43971a1ce7,a65dbc89-d232-424e-9abd-9d6c9d15c8c1,3,2025-04-14 08:06:17.591,2025-04-14 08:06:17.591
cb86a7f9-70de-4b7b-82d1-14c0eb2cc172,641bb1b8-f572-4e22-8956-2fded039f87a,3,2025-04-14 08:06:19.732,2025-04-14 08:06:19.732
ce2bea0c-856b-45e2-a4bf-5b7f14e5bb15,cc283f36-0a4b-435c-842e-e184921e2e89,3,2025-04-14 08:06:18.699,2025-04-14 08:06:18.699
ce2e4edf-fa81-45ad-92df-5f6d034c24ea,64b3af34-3044-4d49-b508-d24c81cada0f,3,2025-04-14 08:06:17.05,2025-04-14 08:06:17.05
ce33036c-e7fe-4dda-aa22-bcb1a09e20fb,81f54c70-dee3-4973-b8d9-3c8621326ced,3,2025-04-14 08:06:20.277,2025-04-14 08:06:20.277
ce9c34f4-d5b2-4d9c-87ec-c7307c6b350f,d18b8563-8789-4c58-9a0d-3cb83cb5e7c3,3,2025-04-14 08:06:17.501,2025-04-14 08:06:17.501
d008f97c-4c66-4a88-9d62-592338db6c30,3e3ab5de-1616-4fba-8432-f02c31816f03,3,2025-04-14 08:06:18.029,2025-04-14 08:06:18.029
d0f3f5d6-4d80-4f51-9f9e-09622ce9de7d,0d01eb44-960e-4718-bfd6-cccce04b6c3a,3,2025-04-14 08:06:17.475,2025-04-14 08:06:17.475
d1102039-9b9d-454d-be20-fb4488b6e260,54c8de18-0041-4e59-8544-4ee663c3ca70,3,2025-04-14 08:06:19.818,2025-04-14 08:06:19.818
d1301f4e-5216-4db0-ae52-076aee740c2f,870d7063-c9d3-4e57-8be8-6780f512d58a,3,2025-04-14 08:06:18.803,2025-04-14 08:06:18.803
d13faafa-4d53-4a79-b901-d59ef3f28345,c82d87b5-2678-426f-94ea-7ab75e012787,3,2025-04-14 08:06:20.057,2025-04-14 08:06:20.057
d1d0c352-a57b-45fc-878d-23df129561b3,e6a53cb6-cc34-4668-a51c-7b21d8bb4a6e,3,2025-04-14 08:06:20.058,2025-04-14 08:06:20.058
d26a935e-3938-45d8-a726-7611bfb91cb2,3a63627f-9274-4464-a2a5-253d49839d84,3,2025-04-14 08:06:20.277,2025-04-14 08:06:20.277
d3b74f09-df42-4833-afe6-1190611154c4,a8e10add-4d47-4992-b99a-9ab744c3ece3,3,2025-04-14 08:06:16.854,2025-04-14 08:06:16.854
d430f82e-b063-4a7f-82ba-9f33d355444c,373115c4-b70b-4f96-92fb-5a76dfab5900,3,2025-04-14 08:06:17.147,2025-04-14 08:06:17.147
d4a8e573-063d-441c-9fce-9bb9cfd080be,f8aa5072-b2a9-4d21-af42-194ba90cdaba,3,2025-04-14 08:06:20.058,2025-04-14 08:06:20.058
d4f9ef6d-57ed-45d5-8577-d1a2a373d4cf,e0bb482f-fde1-475c-bbb1-08f2cf1cc2f4,3,2025-04-14 08:06:18.028,2025-04-14 08:06:18.028
d4fc213e-7552-4d76-8f3b-20b46a271f72,a072e9fc-19ea-4c6a-acc0-5609639283a6,3,2025-04-14 08:06:16.903,2025-04-14 08:06:16.903
d562e15a-5d0b-45a6-a931-87e704f7e7cd,0237ec5e-53e3-4ea5-9844-43cb7ae6a1b1,3,2025-04-14 08:06:20.312,2025-04-14 08:06:20.312
d5a0222f-6380-40c0-948a-6997c2871336,f403629d-f1fd-45fa-91df-30ff2a93f98f,3,2025-04-14 08:06:16.699,2025-04-14 08:06:16.699
d606b372-37e5-48e7-98b7-47b11c0a5fdf,e35cffcb-efcf-48cc-a996-3f2c47f7bf5e,3,2025-04-14 08:06:17.239,2025-04-14 08:06:17.239
d745267c-baa1-4619-939a-6d23341317be,df3a62ba-af05-4f7c-a15a-9adc45574a50,2,2025-04-14 08:06:17.007,2025-04-14 08:06:17.007
d95d425d-116e-42c1-b5b8-e1b30602eaa2,32760fa4-f87e-4f46-ad59-ba66e4651cf6,3,2025-04-14 08:06:16.09,2025-04-14 08:06:16.09
d9a0a2d4-844a-4138-a0d7-e19191a6c17a,7889e1e8-d117-41c6-b344-0802510c4cd4,3,2025-04-14 08:06:19.844,2025-04-14 08:06:19.844
d9ba8470-25f9-4aff-96f6-c9b84b10d119,40c872f2-47f9-4b0f-8577-3384c8f7535b,3,2025-04-14 08:06:18.483,2025-04-14 08:06:18.483
da38c6bc-103a-43e2-9186-f0f8398a2bab,471a7781-e08f-4279-b7d6-6a243b1ec475,3,2025-04-14 08:06:16.439,2025-04-14 08:06:16.439
dadfc2a2-c5ac-4663-872c-c1baa25e770e,edf3d419-6d6a-4b0a-b233-d0f43d416fbf,3,2025-04-14 08:06:16.569,2025-04-14 08:06:16.569
dca59ecb-4b60-42f0-b21a-906a6b7f46fb,eda664e4-0337-447d-8f82-f6cdc9862001,3,2025-04-14 08:06:17.095,2025-04-14 08:06:17.095
dcc5c3f8-01fd-4673-a411-ab59f1daa1b9,33f6b155-9ba9-49a0-8ac6-21fe2cfa6516,3,2025-04-14 08:06:20.277,2025-04-14 08:06:20.277
de2cc9eb-0b69-467d-9df6-81a277bdc04e,48a97b6c-ca4a-403d-a0bb-1542c27697af,3,2025-04-14 08:06:20.059,2025-04-14 08:06:20.059
de5a7ca3-5e40-4327-ba54-b41d6bff2fc9,87924bc4-9046-4f49-bc53-3f4397c8b6f9,3,2025-04-14 08:06:17.948,2025-04-14 08:06:17.948
de72abae-678f-4df1-946f-fc636cf25765,61156d3a-0c5f-4763-960e-6187c5c7e9eb,3,2025-04-14 08:06:16.354,2025-04-14 08:06:16.354
dee5cff4-45a0-4afa-83ae-3b5efff250f4,e5995ff3-34d1-4fea-8761-a6c1df045a0a,3,2025-04-14 08:06:19.818,2025-04-14 08:06:19.818
dfad7589-c5e9-41a6-8782-04e29f91c5c6,6cd0a255-2c59-47cb-9cd7-d7f0e1cfb81d,3,2025-04-14 08:06:19.603,2025-04-14 08:06:19.603
e16c41a1-ba85-4600-a69f-f203d7ef4aa0,1fc1d69e-79b4-4a87-b124-ebad2468057c,3,2025-04-14 08:06:17.879,2025-04-14 08:06:17.879
e27a62eb-6ac2-42d8-8289-053c368a9d51,b280364c-be81-4c89-97b3-c7c6e6ecd60e,3,2025-04-14 08:06:17.879,2025-04-14 08:06:17.879
e36eeea6-f763-4479-b518-fc5c8a192a79,7c669b74-e967-4e5d-96f9-e91b7ed9f5f4,3,2025-04-14 08:06:16.855,2025-04-14 08:06:16.855
e6608218-b05a-49c9-976c-1ad54c86485a,503ca737-e3ae-4a9c-af18-530c781c2119,3,2025-04-14 08:06:16.495,2025-04-14 08:06:16.495
e7d6fcdf-d7f6-4397-8fab-092d065bca1f,86ae6eb0-0a73-4c61-8e19-7b48b22ad688,3,2025-04-14 08:06:16.99,2025-04-14 08:06:16.99
e80a0ceb-2539-48f3-946e-9ed1a54c655d,dddc7cd9-6c4c-40e8-b49f-ba8e410073fc,3,2025-04-14 08:06:18.059,2025-04-14 08:06:18.059
e98ac664-dcab-4cda-8c0c-c7cd6c01eaad,8f00e8b5-a3e7-4881-98fd-cf7b687e78af,3,2025-04-14 08:06:20.45,2025-04-14 08:06:20.45
e9c2a85a-777b-4919-be6e-3c259dd1de1e,e58f3173-1aaa-4a23-80d5-e9774333a17e,3,2025-04-14 08:06:19.074,2025-04-14 08:06:19.074
ea49e582-c59e-4b1b-8c1e-b7bef11c8bca,794f7ae4-229e-4c8d-9fbc-830b8d860a95,3,2025-04-14 08:06:16.856,2025-04-14 08:06:16.856
eb6dad64-4e72-4756-a534-de35ed280537,1668c3ed-925f-457d-a085-dc638344e669,3,2025-04-14 08:06:16.156,2025-04-14 08:06:16.156
ed3b24eb-4a9e-4be7-aae8-4655cd872e35,2d05667b-bdb9-4f45-8119-5000287abf96,3,2025-04-14 08:06:19.221,2025-04-14 08:06:19.221
ed780669-6160-4112-8f9e-ee7068ac9262,e00f9d08-947d-4c01-a112-64f93b02b451,2,2025-04-14 08:06:17.226,2025-04-14 08:06:17.226
ee1a3d3b-e93f-4ded-88dd-41794b61fe0b,9f0c6a47-8432-40e2-91c6-aa41f2e5d29b,3,2025-04-14 08:06:17.501,2025-04-14 08:06:17.501
f15472c7-5754-442c-926c-8e398044a32d,2e8f44cf-faf5-4978-bee4-050d696c0447,3,2025-04-14 08:06:20.519,2025-04-14 08:06:20.519
f16c6e0f-0dae-4250-b577-61fb258412cc,e9fdd3de-42ad-4c09-b094-6616bb63b162,3,2025-04-14 08:06:17.635,2025-04-14 08:06:17.635
f182a42c-0c09-41d8-88a1-cf4111053ec9,ff56dca9-7881-4e7c-a59e-df35da3d08b5,3,2025-04-14 08:06:17.437,2025-04-14 08:06:17.437
f295861e-a420-4a7d-8205-8a515684f2cd,a55cbfba-c6b5-4132-a8a9-39b2140e073d,3,2025-04-14 08:06:18.436,2025-04-14 08:06:18.436
f3620e66-9419-4d09-998b-9817be0befa4,189a4705-7567-4799-8ba1-e0e96aad19f8,3,2025-04-14 08:06:18.194,2025-04-14 08:06:18.194
f373da3e-f871-4f72-bff0-8c2769745c35,9a512ed8-6d80-479c-805c-a37588ed7f64,3,2025-04-14 08:06:18.029,2025-04-14 08:06:18.029
f3de8995-7cd1-441d-a21e-e054305ab0ee,3678383f-0b7a-4ca2-b131-62d877ab891f,3,2025-04-14 08:06:18.803,2025-04-14 08:06:18.803
f43a4709-8e5c-4ba0-b9a0-f8524939b20a,5a2c3584-4a4f-49ce-9edb-276b9e9853fa,3,2025-04-14 08:06:20.058,2025-04-14 08:06:20.058
f611aa86-d561-44d2-8057-2bfbb7d3bed5,9874ef23-1aee-45e9-8e0d-d73962d77a8f,3,2025-04-14 08:06:17.646,2025-04-14 08:06:17.646
f7b4d743-dfba-4495-859a-0d37889a5d19,dc35b6bf-411a-4300-978b-ce9e53d60af0,3,2025-04-14 08:06:17.693,2025-04-14 08:06:17.693
f834ea21-1c02-42f0-8616-53a8bbef9018,bb1ffd59-d6c3-4da6-a40d-07b7106158c2,3,2025-04-14 08:06:18.174,2025-04-14 08:06:18.174
f8837020-0cb3-4c9f-893c-c6334604e0a0,88542544-b901-44a7-9fc5-63fe28f3b36b,3,2025-04-14 08:06:18.132,2025-04-14 08:06:18.132
f8b280a9-35b8-42eb-ba18-97558554f708,4531235c-f65b-4bc8-a1b5-04886be64516,3,2025-04-14 08:06:19.403,2025-04-14 08:06:19.403
f94fcb93-43c1-42a6-a193-e7722eb54135,5a65527c-23aa-47fd-8092-11bac5b951c6,3,2025-04-14 08:06:18.266,2025-04-14 08:06:18.266
faadd921-b196-4c6c-b613-d0d74dab0a31,4c10c98f-867b-474e-b6c2-0ccf77dd83e8,3,2025-04-14 08:06:18.225,2025-04-14 08:06:18.225
fac0da78-b1d8-4842-8738-55905c72ff8f,27633c05-bdf8-45bb-a5ce-547c28e8e5bf,3,2025-04-14 08:06:17.377,2025-04-14 08:06:17.377
fb7b683a-b08a-434c-ad2c-87f6406a9543,773958fa-a11a-4a22-af91-ce453c42f61d,3,2025-04-14 08:06:18.803,2025-04-14 08:06:18.803
fb94660b-330b-4284-9d05-8df2b4b40169,ad529a53-266c-4de0-bab6-df30f7cbeb84,3,2025-04-14 08:06:19.88,2025-04-14 08:06:19.88
fbcca478-f4b1-4b57-9591-5e30462049af,b770c8f4-eaa7-4faf-9e5a-3fa42c7f9e90,3,2025-04-14 08:06:16.09,2025-04-14 08:06:16.09
fda82958-71c4-47d2-bd6e-670cfb9eb697,1613b6f1-e425-4c13-9b53-77ddf0406e0a,3,2025-04-14 08:06:17.112,2025-04-14 08:06:17.112